model,log_loss,roc_auc_ovr,accuracy
CLF_cal,1.0255488297362685,0.5982990355550025,0.4488242424242424
MLPv1_cal,1.0309331842281004,0.5781189686580732,0.4219515151515151
Meta_Blend,1.021109406117965,0.5977073851795186,0.44474545454545455
