{
    "-1": {
        "precision": 0.40644237097835767,
        "recall": 0.42534743324824764,
        "f1-score": 0.4156800633537913,
        "support": 24681.0
    },
    "0": {
        "precision": 0.3384235953917362,
        "recall": 0.6198638613861386,
        "f1-score": 0.4378155117026159,
        "support": 16160.0
    },
    "1": {
        "precision": 0.43592002113978684,
        "recall": 0.1907864302235929,
        "f1-score": 0.26541173946853297,
        "support": 25940.0
    },
    "accuracy": 0.38130606010691664,
    "macro avg": {
        "precision": 0.39359532916996026,
        "recall": 0.4119992416193264,
        "f1-score": 0.37296910484164675,
        "support": 66781.0
    },
    "weighted avg": {
        "precision": 0.40143296458593575,
        "recall": 0.38130606010691664,
        "f1-score": 0.3626672082562846,
        "support": 66781.0
    }
}