{
    "-1": {
        "precision": 0.4067139001349528,
        "recall": 0.3907459179125643,
        "f1-score": 0.39857004112164984,
        "support": 24681.0
    },
    "0": {
        "precision": 0.5231782758897726,
        "recall": 0.402970297029703,
        "f1-score": 0.4552731848848184,
        "support": 16160.0
    },
    "1": {
        "precision": 0.430115603161126,
        "recall": 0.5077486507324596,
        "f1-score": 0.46571903398041087,
        "support": 25940.0
    },
    "accuracy": 0.43915185456941347,
    "macro avg": {
        "precision": 0.4533359263952838,
        "recall": 0.4338216218915756,
        "f1-score": 0.43985408666229303,
        "support": 66781.0
    },
    "weighted avg": {
        "precision": 0.44398654487966793,
        "recall": 0.43915185456941347,
        "f1-score": 0.43837429200092787,
        "support": 66781.0
    }
}