{
    "-1": {
        "precision": 0.40662014976174266,
        "recall": 0.3558683348227584,
        "f1-score": 0.3795552025416998,
        "support": 67140.0
    },
    "0": {
        "precision": 0.511687264911338,
        "recall": 0.12096287592492616,
        "f1-score": 0.19566948347160507,
        "support": 31489.0
    },
    "1": {
        "precision": 0.4243086764646342,
        "recall": 0.6316011511051514,
        "f1-score": 0.5076074518517621,
        "support": 66371.0
    },
    "accuracy": 0.42195151515151513,
    "macro avg": {
        "precision": 0.44753869704590493,
        "recall": 0.36947745395094533,
        "f1-score": 0.36094404595502233,
        "support": 165000.0
    },
    "weighted avg": {
        "precision": 0.43378659579048945,
        "recall": 0.42195151515151513,
        "f1-score": 0.3959708293972145,
        "support": 165000.0
    },
    "roc_auc": 0.5781189686580732,
    "log_loss": 1.0309331842281004,
    "class_0_ece": 0.028997563589540594,
    "class_0_brier": 0.2407579996068009,
    "class_1_ece": 0.032619682977213064,
    "class_1_brier": 0.14638824967778993,
    "class_2_ece": 0.036771131371780494,
    "class_2_brier": 0.2393488732465497
}
