{
    "-1": {
        "precision": 0.4121044941211815,
        "recall": 0.44947870122132855,
        "f1-score": 0.42998097870612456,
        "support": 67140.0
    },
    "0": {
        "precision": 0.42508463470568963,
        "recall": 0.24722919114611452,
        "f1-score": 0.31263176917053187,
        "support": 31489.0
    },
    "1": {
        "precision": 0.4330560736213023,
        "recall": 0.4792906540507149,
        "f1-score": 0.4550018594272964,
        "support": 66371.0
    },
    "accuracy": 0.4228727272727273,
    "macro avg": {
        "precision": 0.42341506748272445,
        "recall": 0.39199951547271933,
        "f1-score": 0.39920486910131764,
        "support": 165000.0
    },
    "weighted avg": {
        "precision": 0.42300939672644267,
        "recall": 0.4228727272727273,
        "f1-score": 0.4176503824350859,
        "support": 165000.0
    },
    "roc_auc": 0.5842854856060762,
    "log_loss": 1.0402317587975591,
    "class_0_ece": 0.07496367059710547,
    "class_0_brier": 0.24562175431602032,
    "class_1_ece": 0.055578053456471974,
    "class_1_brier": 0.14820493014343447,
    "class_2_ece": 0.025679699700082863,
    "class_2_brier": 0.23637970863220958
}
