{
    "-1": {
        "precision": 0.4492062834169188,
        "recall": 0.32284778075662796,
        "f1-score": 0.375686777475432,
        "support": 67140.0
    },
    "0": {
        "precision": 0.5748538709292615,
        "recall": 0.15303756867477533,
        "f1-score": 0.24172351524879615,
        "support": 31489.0
    },
    "1": {
        "precision": 0.43216780635456753,
        "recall": 0.7055943107682572,
        "f1-score": 0.5360261883777627,
        "support": 66371.0
    },
    "accuracy": 0.4444,
    "macro avg": {
        "precision": 0.4854093202335826,
        "recall": 0.3938265533998868,
        "f1-score": 0.38447882703399694,
        "support": 165000.0
    },
    "weighted avg": {
        "precision": 0.46633147203553,
        "recall": 0.4444,
        "f1-score": 0.41461718884963844,
        "support": 165000.0
    },
    "roc_auc": 0.598018274618131,
    "log_loss": 1.0208415426126638,
    "class_0_ece": 0.014506943909195557,
    "class_0_brier": 0.23826870993603216,
    "class_1_ece": 0.034715881508268674,
    "class_1_brier": 0.14411242382871256,
    "class_2_ece": 0.04295742543439546,
    "class_2_brier": 0.23794444498368164
}
