{
    "-1": {
        "precision": 0.44760491384285594,
        "recall": 0.3234435507893953,
        "f1-score": 0.3755274261603376,
        "support": 67140.0
    },
    "0": {
        "precision": 0.5769322519083969,
        "recall": 0.15360919686239638,
        "f1-score": 0.2426203195144584,
        "support": 31489.0
    },
    "1": {
        "precision": 0.4332099907493062,
        "recall": 0.7055792439469045,
        "f1-score": 0.5368227384493698,
        "support": 66371.0
    },
    "accuracy": 0.44474545454545455,
    "macro avg": {
        "precision": 0.4859157188335197,
        "recall": 0.3942106638662321,
        "f1-score": 0.3849901613747219,
        "support": 165000.0
    },
    "weighted avg": {
        "precision": 0.46649572055621247,
        "recall": 0.44474545454545455,
        "f1-score": 0.415043906710418,
        "support": 165000.0
    },
    "roc_auc": 0.5977073851795186,
    "log_loss": 1.021109406117965,
    "class_0_ece": 0.014968579483766892,
    "class_0_brier": 0.2384501609874062,
    "class_1_ece": 0.03499568806663681,
    "class_1_brier": 0.14415075930251536,
    "class_2_ece": 0.04289477046182401,
    "class_2_brier": 0.2378259597384804
}
