{
    "-1": {
        "precision": 0.46856753379529703,
        "recall": 0.3071790288948466,
        "f1-score": 0.37108542125860283,
        "support": 67140.0
    },
    "0": {
        "precision": 0.5058155764399367,
        "recall": 0.17263171266156435,
        "f1-score": 0.25741073965337624,
        "support": 31489.0
    },
    "1": {
        "precision": 0.43163881783051217,
        "recall": 0.716924560425487,
        "f1-score": 0.5388513609159216,
        "support": 66371.0
    },
    "accuracy": 0.4463212121212121,
    "macro avg": {
        "precision": 0.46867397602191535,
        "recall": 0.3989117673272993,
        "f1-score": 0.3891158406093002,
        "support": 165000.0
    },
    "weighted avg": {
        "precision": 0.4608215205076505,
        "recall": 0.4463212121212121,
        "f1-score": 0.41687506448241446,
        "support": 165000.0
    },
    "roc_auc": 0.5975148090582922,
    "log_loss": 1.0257518513922586,
    "class_0_ece": 0.024299229613723543,
    "class_0_brier": 0.2380621767122343,
    "class_1_ece": 0.03809304974016896,
    "class_1_brier": 0.14498001019039064,
    "class_2_ece": 0.05097865570399127,
    "class_2_brier": 0.23914018697408443
}
