{
    "-1": {
        "precision": 0.47270514204349723,
        "recall": 0.3065683646112601,
        "f1-score": 0.3719270348653361,
        "support": 67140.0
    },
    "0": {
        "precision": 0.5090302861906085,
        "recall": 0.1745371399536346,
        "f1-score": 0.25994418956628673,
        "support": 31489.0
    },
    "1": {
        "precision": 0.4335532260979577,
        "recall": 0.7228608880384505,
        "f1-score": 0.5420180646327479,
        "support": 66371.0
    },
    "accuracy": 0.4488242424242424,
    "macro avg": {
        "precision": 0.4717628847773545,
        "recall": 0.40132213086778173,
        "f1-score": 0.3912964296881236,
        "support": 165000.0
    },
    "weighted avg": {
        "precision": 0.46388872174547896,
        "recall": 0.4488242424242424,
        "f1-score": 0.41897481620516114,
        "support": 165000.0
    },
    "roc_auc": 0.5982990355550025,
    "log_loss": 1.0255488297362683,
    "class_0_ece": 0.022943239162570565,
    "class_0_brier": 0.2381539387559097,
    "class_1_ece": 0.03910129098161229,
    "class_1_brier": 0.14493136685194796,
    "class_2_ece": 0.05092110985070886,
    "class_2_brier": 0.23889512084055842
}
