{
    "-1": {
        "precision": 0.4481945650825164,
        "recall": 0.3227882037533512,
        "f1-score": 0.37529222297262194,
        "support": 67140.0
    },
    "0": {
        "precision": 0.5759243747756372,
        "recall": 0.1528470259455683,
        "f1-score": 0.241580083320785,
        "support": 31489.0
    },
    "1": {
        "precision": 0.4321676255205977,
        "recall": 0.7051121724849708,
        "f1-score": 0.5358868659109126,
        "support": 66371.0
    },
    "accuracy": 0.44414545454545457,
    "macro avg": {
        "precision": 0.48542885512625045,
        "recall": 0.39358246739463015,
        "f1-score": 0.38425305740143983,
        "support": 165000.0
    },
    "weighted avg": {
        "precision": 0.46612401945683507,
        "recall": 0.44414545454545457,
        "f1-score": 0.4143732258875346,
        "support": 165000.0
    },
    "roc_auc": 0.5977847472516572,
    "log_loss": 1.0210462122857396,
    "class_0_ece": 0.014496169999731462,
    "class_0_brier": 0.23834708512754535,
    "class_1_ece": 0.03512345033723028,
    "class_1_brier": 0.14415517439094028,
    "class_2_ece": 0.042964897362795865,
    "class_2_brier": 0.23790063117559104
}
