{
    "-1": {
        "precision": 0.44934682759032074,
        "recall": 0.3365951742627346,
        "f1-score": 0.3848832951555355,
        "support": 67140.0
    },
    "0": {
        "precision": 0.5514360313315927,
        "recall": 0.1676776017021817,
        "f1-score": 0.2571595558153127,
        "support": 31489.0
    },
    "1": {
        "precision": 0.4358045124224784,
        "recall": 0.6903165539166202,
        "f1-score": 0.5342996915505851,
        "support": 66371.0
    },
    "accuracy": 0.44664242424242423,
    "macro avg": {
        "precision": 0.4788624571147973,
        "recall": 0.39819644329384546,
        "f1-score": 0.3921141808404778,
        "support": 165000.0
    },
    "weighted avg": {
        "precision": 0.4633824029636786,
        "recall": 0.44664242424242423,
        "f1-score": 0.4206107061679692,
        "support": 165000.0
    },
    "roc_auc": 0.5981103433493398,
    "log_loss": 1.0269134845711334,
    "class_0_ece": 0.008980380249980551,
    "class_0_brier": 0.23802231212952743,
    "class_1_ece": 0.050510059179135446,
    "class_1_brier": 0.14481526921710025,
    "class_2_ece": 0.042096654231363786,
    "class_2_brier": 0.23831099611824147
}
