{
    "-1": {
        "precision": 0.40511595478392065,
        "recall": 0.5279118260351504,
        "f1-score": 0.4584333025072592,
        "support": 67140.0
    },
    "0": {
        "precision": 0.5075951864273032,
        "recall": 0.16342214741655817,
        "f1-score": 0.24724337569366037,
        "support": 31489.0
    },
    "1": {
        "precision": 0.41399118315002004,
        "recall": 0.42022871434813397,
        "f1-score": 0.41708662948064185,
        "support": 66371.0
    },
    "accuracy": 0.41503636363636365,
    "macro avg": {
        "precision": 0.44223410812041464,
        "recall": 0.37052089593328086,
        "f1-score": 0.3742544358938538,
        "support": 165000.0
    },
    "weighted avg": {
        "precision": 0.4282433869481925,
        "recall": 0.41503636363636365,
        "f1-score": 0.40149766832008926,
        "support": 165000.0
    },
    "roc_auc": 0.567187419425646,
    "log_loss": 1.0501576790616984,
    "class_0_ece": 0.08824906995981359,
    "class_0_brier": 0.24847546580623694,
    "class_1_ece": 0.055709858089348994,
    "class_1_brier": 0.14830251123135074,
    "class_2_ece": 0.025174315026580196,
    "class_2_brier": 0.23823949023589786
}
