{
  "class_labels": [
    -1,
    0,
    1
  ],
  "w": [
    0.4453999698162079,
    0.5403624176979065,
    0.5193610787391663
  ]
}
