{
  "class_labels": [
    -1,
    0,
    1
  ],
  "w": [
    0.43734264373779297,
    0.5528302192687988,
    0.51614910364151
  ]
}
